{
  "accuracy": [
    0.2380952388048172
  ],
  "loss": [
    1.845091700553894
  ],
  "val_accuracy": [
    0.0
  ],
  "val_loss": [
    1.540378212928772
  ],
  "learning_rate": [
    9.999999747378752e-05
  ]
}